NAME,Categories
লিখন - ছবিতে বাংলা | Likhon - Bangla on Photos,Art & Design
"আবেগ : Abeg - ছবিতে বাংলা লিখুন, Bangla on Photos",Art & Design
Cool Art Drawing,Art & Design
Poster Maker - Poster Creator & Poster Designer,Art & Design
মেহেদি ডিজাইন ২০২০~ mehndi design 2020,Art & Design
Charulipi - Text On Photo | চারুলিপি - ছবিতে বাংলা,Art & Design
"Name Art Photo Editor - Focus,Filters",Art & Design
Drawing & Painting Lessons,Art & Design
Post Maker - Fancy Text Art,Art & Design
Poster Maker - Fancy Text Art and Photo Art,Art & Design
"Lipigoor - ছবিতে বাংলা লিখুন, Bangla On Photos",Art & Design
Design Wood Furniture,Art & Design
বাংলা লিখুন Bangla Text On Photo,Art & Design
Handwriting Design,Art & Design
Draw landscape scenery DIY,Art & Design
TextArt ★ Cool Text creator,Art & Design
Name Art Photo Editor - Focus n Filters 2020,Art & Design
Text Art - Style Text Cool Font On Photo,Art & Design
"Concepts - Sketch, Design, Illustrate",Art & Design
ছবিতে বাংলা লিখুন - Bengali/Bangla Text On Photo,Art & Design
How to Draw Flowers,Art & Design
"Paintastic : draw, color, paint",Art & Design
Infinite Design,Art & Design
Art Drawing Ideas,Art & Design
Name Art - Focus Filter - Name Card Maker,Art & Design
Floor Plan Creator,Art & Design
Smoke Name Art - Smoky Effect Focus n Filter Maker,Art & Design
Learn to Draw Dresses,Art & Design
Elegant Paintings,Art & Design
"Design Logo, Poster, Banner, iCon",Art & Design
Stylish Name Maker and Quote Designs,Art & Design
"Artecture Draw, Sketch, Paint",Art & Design
"Name Art: Grid, GIF &  Collage Maker, Photo Editor",Art & Design
Online Poster Design Maker,Art & Design
Mehndi Design 2020,Art & Design
"Art Camera -Cartoon,Pencil Sketch Art Effect Photo",Art & Design
Name Art Design Text Style Editor,Art & Design
Islamic Post Maker - Text on Photo - Quotes Maker,Art & Design
350+ Canvas Painting Ideas,Art & Design
Pencil Sketch Art Photo Editor 2020,Art & Design
Interior Design Bangladesh,Art & Design
"Logo Maker - Logo Creator, Generator & Designer",Art & Design
How To Draw Flowers,Art & Design
Azan Bangladesh : Prayer Time Bangladesh,Art & Design
Photo Sketch : Photo Editor,Art & Design
Doodle Art Ideas,Art & Design
Fashion Design Flat Sketch,Art & Design
"Design Studio: Graphic Design, Invite & Logo Maker",Art & Design
Stylish Alphabet Design – Quilling Paper Alphabets,Art & Design
Cover Photo Maker - Banners & Thumbnails Designer,Art & Design
লিখন - ছবিতে বাংলা | Likhon - Bangla on Photos,Art & Design
"আবেগ : Abeg - ছবিতে বাংলা লিখুন, Bangla on Photos",Art & Design
Cool Art Drawing,Art & Design
Poster Maker - Poster Creator & Poster Designer,Art & Design
মেহেদি ডিজাইন ২০২০~ mehndi design 2020,Art & Design
Charulipi - Text On Photo | চারুলিপি - ছবিতে বাংলা,Art & Design
"Name Art Photo Editor - Focus,Filters",Art & Design
Drawing & Painting Lessons,Art & Design
Post Maker - Fancy Text Art,Art & Design
Poster Maker - Fancy Text Art and Photo Art,Art & Design
"Lipigoor - ছবিতে বাংলা লিখুন, Bangla On Photos",Art & Design
Design Wood Furniture,Art & Design
বাংলা লিখুন Bangla Text On Photo,Art & Design
Handwriting Design,Art & Design
Draw landscape scenery DIY,Art & Design
TextArt ★ Cool Text creator,Art & Design
Name Art Photo Editor - Focus n Filters 2020,Art & Design
Text Art - Style Text Cool Font On Photo,Art & Design
"Concepts - Sketch, Design, Illustrate",Art & Design
ছবিতে বাংলা লিখুন - Bengali/Bangla Text On Photo,Art & Design
How to Draw Flowers,Art & Design
"Paintastic : draw, color, paint",Art & Design
Infinite Design,Art & Design
Art Drawing Ideas,Art & Design
Name Art - Focus Filter - Name Card Maker,Art & Design
Floor Plan Creator,Art & Design
Smoke Name Art - Smoky Effect Focus n Filter Maker,Art & Design
Learn to Draw Dresses,Art & Design
Elegant Paintings,Art & Design
"Design Logo, Poster, Banner, iCon",Art & Design
Stylish Name Maker and Quote Designs,Art & Design
"Artecture Draw, Sketch, Paint",Art & Design
"Name Art: Grid, GIF &  Collage Maker, Photo Editor",Art & Design
Online Poster Design Maker,Art & Design
Mehndi Design 2020,Art & Design
"Art Camera -Cartoon,Pencil Sketch Art Effect Photo",Art & Design
Name Art Design Text Style Editor,Art & Design
Islamic Post Maker - Text on Photo - Quotes Maker,Art & Design
350+ Canvas Painting Ideas,Art & Design
Pencil Sketch Art Photo Editor 2020,Art & Design
Interior Design Bangladesh,Art & Design
"Logo Maker - Logo Creator, Generator & Designer",Art & Design
How To Draw Flowers,Art & Design
Azan Bangladesh : Prayer Time Bangladesh,Art & Design
Photo Sketch : Photo Editor,Art & Design
Doodle Art Ideas,Art & Design
Fashion Design Flat Sketch,Art & Design
"Design Studio: Graphic Design, Invite & Logo Maker",Art & Design
Stylish Alphabet Design – Quilling Paper Alphabets,Art & Design
Cover Photo Maker - Banners & Thumbnails Designer,Art & Design
লিখন - ছবিতে বাংলা | Likhon - Bangla on Photos,Art & Design
"আবেগ : Abeg - ছবিতে বাংলা লিখুন, Bangla on Photos",Art & Design
Cool Art Drawing,Art & Design
Poster Maker - Poster Creator & Poster Designer,Art & Design
মেহেদি ডিজাইন ২০২০~ mehndi design 2020,Art & Design
Charulipi - Text On Photo | চারুলিপি - ছবিতে বাংলা,Art & Design
"Name Art Photo Editor - Focus,Filters",Art & Design
Drawing & Painting Lessons,Art & Design
Post Maker - Fancy Text Art,Art & Design
Poster Maker - Fancy Text Art and Photo Art,Art & Design
"Lipigoor - ছবিতে বাংলা লিখুন, Bangla On Photos",Art & Design
Design Wood Furniture,Art & Design
বাংলা লিখুন Bangla Text On Photo,Art & Design
Handwriting Design,Art & Design
Draw landscape scenery DIY,Art & Design
TextArt ★ Cool Text creator,Art & Design
Name Art Photo Editor - Focus n Filters 2020,Art & Design
Text Art - Style Text Cool Font On Photo,Art & Design
"Concepts - Sketch, Design, Illustrate",Art & Design
ছবিতে বাংলা লিখুন - Bengali/Bangla Text On Photo,Art & Design
How to Draw Flowers,Art & Design
"Paintastic : draw, color, paint",Art & Design
Infinite Design,Art & Design
Art Drawing Ideas,Art & Design
Name Art - Focus Filter - Name Card Maker,Art & Design
Floor Plan Creator,Art & Design
Smoke Name Art - Smoky Effect Focus n Filter Maker,Art & Design
Learn to Draw Dresses,Art & Design
Elegant Paintings,Art & Design
"Design Logo, Poster, Banner, iCon",Art & Design
Stylish Name Maker and Quote Designs,Art & Design
"Artecture Draw, Sketch, Paint",Art & Design
"Name Art: Grid, GIF &  Collage Maker, Photo Editor",Art & Design
Online Poster Design Maker,Art & Design
Mehndi Design 2020,Art & Design
"Art Camera -Cartoon,Pencil Sketch Art Effect Photo",Art & Design
Name Art Design Text Style Editor,Art & Design
Islamic Post Maker - Text on Photo - Quotes Maker,Art & Design
350+ Canvas Painting Ideas,Art & Design
Pencil Sketch Art Photo Editor 2020,Art & Design
Interior Design Bangladesh,Art & Design
"Logo Maker - Logo Creator, Generator & Designer",Art & Design
How To Draw Flowers,Art & Design
Azan Bangladesh : Prayer Time Bangladesh,Art & Design
Photo Sketch : Photo Editor,Art & Design
Doodle Art Ideas,Art & Design
Fashion Design Flat Sketch,Art & Design
"Design Studio: Graphic Design, Invite & Logo Maker",Art & Design
Stylish Alphabet Design – Quilling Paper Alphabets,Art & Design
Cover Photo Maker - Banners & Thumbnails Designer,Art & Design
